sally sue, sullivan, green
faith, hillstrom, purple
bubba, von bigbelly, purple
monique, henry, red
york, henry, blue
levi, herrera, red
lois, douglas, green
muriel, lyons, blue
winston, strickland, green
damon, oliver, pink
dan, hines, purple
dan, hindle, orange
patricia, johnston, yellow
darrell, ryan, cyan
bernadette, hodges, purple
cassaundra, martz, red
cherise, fish, pink
elvin, colby, green
stephaine, bryson, blue
jacquetta, ferrari, green
cori, zarate, purple
dannie, lai, purple
lovie, forrester, green
leon, mullis, blue
griselda, coyle, blue
claire, grant, pink
claire, grant, red
jorge, gray, pink
joey, gray, pink
john, gray, blue
leona, king, green
patrick, robbins, green
jaime, cortez, red
dexter, holloway, red
elsie, burns, purple
glen, schmidt, green
eric, lewis, green
caroline, jimenez, pink
spencer, torres, blue
dave, smith, red
emma, torres, green
myron, owen, purple
brendan, palmer, blue
alfonso, blair, red
miranda, romero, green
allen, hubbard, blue
gwen, white, green
lester, rodriguez, red
francis, byrd, blue
clay, flores, green
kelly, moss, pink
samuel, sherman, purple
ben, bryant, red
eli, torres, blue
krista, wells, pink
dominic, holland, blue
dave, smith, green